common_name,dominant_season_days,dominant_season_years,dominant_season_records,total_observed_days,total_records,dominance_ratio,classification_confidence,primary_season,secondary_season,primary_season_days,secondary_season_days,secondary_to_primary_ratio,is_multi_season,dominant_season,seasonal_category
Black-legged Kittiwake,16,5,47,32,98,0.5,Medium,Autumn,Spring,16,16,1.0,True,Autumn + Spring,秋候鸟 + 春候鸟
Baillon's Crake,49,12,80,106,240,0.46226415094339623,Low,Spring,Autumn,49,49,1.0,True,Spring + Autumn,春候鸟 + 秋候鸟
myna/starling sp.,4,3,7,11,18,0.36363636363636365,Low,Spring,Autumn,4,4,1.0,True,Spring + Autumn,春候鸟 + 秋候鸟
rail/crake sp.,2,2,7,5,12,0.4,Low,Autumn,Spring,2,2,1.0,True,Autumn + Spring,秋候鸟 + 春候鸟
Greater Scaup,47,7,117,108,238,0.4351851851851852,Low,Spring,Autumn,47,47,1.0,True,Spring + Autumn,春候鸟 + 秋候鸟
Graylag x Swan Goose (hybrid),49,8,78,134,216,0.3656716417910448,Low,Spring,Autumn,49,49,1.0,True,Spring + Autumn,春候鸟 + 秋候鸟
Chestnut-eared Bunting,98,12,199,216,428,0.4537037037037037,Low,Spring,Autumn,98,95,0.9693877551020408,True,Spring + Autumn,春候鸟 + 秋候鸟
Little Bunting,642,12,3133,1733,7249,0.3704558568955568,Low,Spring,Autumn,642,620,0.9657320872274143,True,Spring + Autumn,春候鸟 + 秋候鸟
Red-throated Pipit,167,11,354,339,725,0.49262536873156343,Low,Autumn,Spring,167,161,0.9640718562874252,True,Autumn + Spring,秋候鸟 + 春候鸟
passerine sp.,37,9,50,110,147,0.33636363636363636,Low,Spring,Autumn,37,35,0.9459459459459459,True,Spring + Autumn,春候鸟 + 秋候鸟
Common Greenshank,121,12,280,301,696,0.4019933554817276,Low,Spring,Autumn,121,114,0.9421487603305785,True,Spring + Autumn,春候鸟 + 秋候鸟
snipe sp.,51,11,76,126,193,0.40476190476190477,Low,Spring,Autumn,51,48,0.9411764705882353,True,Spring + Autumn,春候鸟 + 秋候鸟
Pied Harrier,168,12,376,361,870,0.46537396121883656,Low,Spring,Autumn,168,158,0.9404761904761905,True,Spring + Autumn,春候鸟 + 秋候鸟
Blyth's Pipit,56,9,88,127,242,0.4409448818897638,Low,Spring,Autumn,56,52,0.9285714285714286,True,Spring + Autumn,春候鸟 + 秋候鸟
Chinese Thrush,96,12,199,293,551,0.32764505119453924,Low,Spring,Autumn,96,89,0.9270833333333334,True,Spring + Autumn,春候鸟 + 秋候鸟
Red-necked Grebe,13,3,42,27,80,0.48148148148148145,Low,Autumn,Spring,13,12,0.9230769230769231,True,Autumn + Spring,秋候鸟 + 春候鸟
Reed Bunting,90,11,151,253,375,0.3557312252964427,Low,Autumn,Spring,90,83,0.9222222222222223,True,Autumn + Spring,秋候鸟 + 春候鸟
Eyebrowed Thrush,86,11,197,166,341,0.5180722891566265,Medium,Spring,Autumn,86,78,0.9069767441860465,True,Spring + Autumn,春候鸟 + 秋候鸟
Taiga Flycatcher,341,11,1801,735,4638,0.4639455782312925,Low,Autumn,Spring,341,307,0.9002932551319648,True,Autumn + Spring,秋候鸟 + 春候鸟
Daurian Jackdaw,356,12,1099,883,2613,0.4031710079275198,Low,Spring,Autumn,356,320,0.898876404494382,True,Spring + Autumn,春候鸟 + 秋候鸟
Crested Lark,39,9,84,113,208,0.34513274336283184,Low,Spring,Autumn,39,35,0.8974358974358975,True,Spring + Autumn,春候鸟 + 秋候鸟
Pallas's Leaf Warbler,659,12,3833,1501,6899,0.4390406395736176,Low,Spring,Autumn,659,585,0.8877086494688923,True,Spring + Autumn,春候鸟 + 秋候鸟
Two-barred Warbler,178,12,761,438,1419,0.4063926940639269,Low,Spring,Autumn,178,157,0.8820224719101124,True,Spring + Autumn,春候鸟 + 秋候鸟
Japanese Quail,186,12,327,461,791,0.403470715835141,Low,Spring,Autumn,186,164,0.8817204301075269,True,Spring + Autumn,春候鸟 + 秋候鸟
Thick-billed Warbler,130,11,431,326,806,0.3987730061349693,Low,Spring,Autumn,130,114,0.8769230769230769,True,Spring + Autumn,春候鸟 + 秋候鸟
Pechora Pipit,8,4,10,16,25,0.5,Medium,Autumn,Spring,8,7,0.875,True,Autumn + Spring,秋候鸟 + 春候鸟
crow/raven sp.,16,4,21,40,53,0.4,Low,Spring,Autumn,16,14,0.875,True,Spring + Autumn,春候鸟 + 秋候鸟
Olive-backed Pipit,428,11,1706,890,3831,0.48089887640449436,Low,Autumn,Spring,428,374,0.8738317757009346,True,Autumn + Spring,秋候鸟 + 春候鸟
Dusky Warbler,419,11,1783,866,4029,0.4838337182448037,Low,Autumn,Spring,419,363,0.8663484486873508,True,Autumn + Spring,秋候鸟 + 春候鸟
Phylloscopus sp.,79,10,99,182,230,0.4340659340659341,Low,Autumn,Spring,79,68,0.8607594936708861,True,Autumn + Spring,秋候鸟 + 春候鸟
Merlin,62,11,116,149,270,0.4161073825503356,Low,Autumn,Spring,62,53,0.8548387096774194,True,Autumn + Spring,秋候鸟 + 春候鸟
Black-faced Bunting,409,12,1240,997,2624,0.4102306920762287,Low,Spring,Autumn,409,348,0.8508557457212714,True,Spring + Autumn,春候鸟 + 秋候鸟
Richard's Pipit,213,11,554,490,1237,0.4346938775510204,Low,Autumn,Spring,213,181,0.8497652582159625,True,Autumn + Spring,秋候鸟 + 春候鸟
Oriental Honey-buzzard,216,11,733,427,1411,0.5058548009367682,Medium,Autumn,Spring,216,183,0.8472222222222222,True,Autumn + Spring,秋候鸟 + 春候鸟
falcon sp.,25,4,40,72,109,0.3472222222222222,Low,Autumn,Spring,25,21,0.84,True,Autumn + Spring,秋候鸟 + 春候鸟
Black-tailed Godwit,68,11,137,154,353,0.44155844155844154,Low,Spring,Autumn,68,57,0.8382352941176471,True,Spring + Autumn,春候鸟 + 秋候鸟
Red-flanked/Qilian Bluetail,287,12,823,743,1717,0.38627187079407804,Low,Spring,Autumn,287,238,0.8292682926829268,True,Spring + Autumn,春候鸟 + 秋候鸟
Radde's Warbler,220,12,914,424,1460,0.5188679245283019,Medium,Spring,Autumn,220,182,0.8272727272727273,True,Spring + Autumn,春候鸟 + 秋候鸟
Eurasian Goshawk,265,11,773,616,1514,0.4301948051948052,Low,Autumn,Spring,265,219,0.8264150943396227,True,Autumn + Spring,秋候鸟 + 春候鸟
Rufous-tailed Robin,34,8,68,63,123,0.5396825396825397,Medium,Autumn,Spring,34,28,0.8235294117647058,True,Autumn + Spring,秋候鸟 + 春候鸟
Black-bellied Plover,11,5,20,23,44,0.4782608695652174,Low,Spring,Autumn,11,9,0.8181818181818182,True,Spring + Autumn,春候鸟 + 秋候鸟
European Starling,93,12,197,173,331,0.5375722543352601,Medium,Spring,Autumn,93,76,0.8172043010752689,True,Spring + Autumn,春候鸟 + 秋候鸟
Yellow-browed Warbler,527,11,3159,1058,6232,0.498109640831758,Low,Autumn,Spring,527,428,0.8121442125237192,True,Autumn + Spring,秋候鸟 + 春候鸟
Eastern Marsh Harrier,330,12,1085,692,2157,0.476878612716763,Low,Spring,Autumn,330,267,0.8090909090909091,True,Spring + Autumn,春候鸟 + 秋候鸟
Ashy Minivet,52,10,78,95,137,0.5473684210526316,Medium,Spring,Autumn,52,42,0.8076923076923077,True,Spring + Autumn,春候鸟 + 秋候鸟
Black Kite,304,12,925,583,1809,0.5214408233276158,Medium,Spring,Autumn,304,244,0.8026315789473685,True,Spring + Autumn,春候鸟 + 秋候鸟
Scolopacidae sp.,5,3,7,9,11,0.5555555555555556,Medium,Spring,Autumn,5,4,0.8,True,Spring + Autumn,春候鸟 + 秋候鸟
Common Pochard x Ferruginous Duck (hybrid),5,1,8,11,14,0.45454545454545453,Low,Spring,Autumn,5,4,0.8,True,Spring + Autumn,春候鸟 + 秋候鸟
Bar-headed Goose,138,10,221,334,534,0.41317365269461076,Low,Spring,Autumn,138,110,0.7971014492753623,True,Spring + Autumn,春候鸟 + 秋候鸟
Amur Stonechat,318,11,1314,653,2806,0.4869831546707504,Low,Autumn,Spring,318,253,0.7955974842767296,True,Autumn + Spring,秋候鸟 + 春候鸟
Eurasian Skylark,362,11,1178,799,2262,0.4530663329161452,Low,Autumn,Spring,362,288,0.7955801104972375,True,Autumn + Spring,秋候鸟 + 春候鸟
Eastern Buzzard,474,12,2074,1226,4517,0.3866231647634584,Low,Spring,Autumn,474,377,0.7953586497890295,True,Spring + Autumn,春候鸟 + 秋候鸟
Rook,206,12,535,444,1061,0.46396396396396394,Low,Spring,Autumn,206,163,0.7912621359223301,True,Spring + Autumn,春候鸟 + 秋候鸟
Hen Harrier,357,11,1060,886,2231,0.40293453724604966,Low,Autumn,Spring,357,279,0.7815126050420168,True,Autumn + Spring,秋候鸟 + 春候鸟
goose sp.,9,3,13,20,24,0.45,Low,Spring,Autumn,9,7,0.7777777777777778,True,Spring + Autumn,春候鸟 + 秋候鸟
Asian Short-toed Lark,89,12,150,190,323,0.46842105263157896,Low,Spring,Autumn,89,68,0.7640449438202247,True,Spring + Autumn,春候鸟 + 秋候鸟
Yellow-browed Bunting,156,8,261,324,565,0.48148148148148145,Low,Autumn,Spring,156,117,0.75,True,Autumn + Spring,秋候鸟 + 春候鸟
Dendrocopos sp.,8,3,9,17,20,0.47058823529411764,Low,Spring,Autumn,8,6,0.75,True,Spring + Autumn,春候鸟 + 秋候鸟
finch sp.,4,2,6,9,13,0.4444444444444444,Low,Autumn,Spring,4,3,0.75,True,Autumn + Spring,秋候鸟 + 春候鸟
white egret sp.,4,3,4,9,12,0.4444444444444444,Low,Spring,Autumn,4,3,0.75,True,Spring + Autumn,春候鸟 + 秋候鸟
duck sp.,16,5,26,39,55,0.41025641025641024,Low,Spring,Autumn,16,12,0.75,True,Spring + Autumn,春候鸟 + 秋候鸟
